label,text
1,month fail break amazon stock close record high thank prime day annual sale bonanza kick monday what happen 2020 analyst estim amazon prime day notch sale billion 105 billion sale rush economi reopen could encourag even bigger spend time around consum arm excess save adob analyt think spend could reach 11 billion amazon amzn share risen six past nine trade session 13 alltim peak reach septemb 2020
1,problem come amazon tri boost role independ merchant play event last year includ million global discount thirdparti seller make close 60 amazon 236 billion annual retail sale amazon share also broader pressur investor weigh signal feder reserv could rais interest rate sooner expect rockbottom rate boon fastgrow compani like amazon theyv help keep yield govern bond extrem low boost interest riskier invest like stock offer better return
1,concern rate rise come year investor may start consid park money elsewher alreadi make choic amazon stock yeartod far mute 76 gain notch 2020 appl stock actual 17 2021 gain 81 last year big tech name fare better googl parent alphabet googl 37 far year beat last year 31 rise clear amazon battl mood shift even 2021 prime day success
1,month fail break amazon stock close record high thank prime day annual sale bonanza kick monday what happen 2020 analyst estim amazon prime day notch sale billion 105 billion sale rush economi reopen could encourag even bigger spend time around consum arm excess save adob analyt think spend could reach 11 billion amazon amzn share risen six past nine trade session 13 alltim peak reach septemb 2020
1,problem come amazon tri boost role independ merchant play event last year includ million global discount thirdparti seller make close 60 amazon 236 billion annual retail sale amazon share also broader pressur investor weigh signal feder reserv could rais interest rate sooner expect rockbottom rate boon fastgrow compani like amazon theyv help keep yield govern bond extrem low boost interest riskier invest like stock offer better return
1,concern rate rise come year investor may start consid park money elsewher alreadi make choic amazon stock yeartod far mute 76 gain notch 2020 appl stock actual 17 2021 gain 81 last year big tech name fare better googl parent alphabet googl 37 far year beat last year 31 rise clear amazon battl mood shift even 2021 prime day success
1,month fail break amazon stock close record high thank prime day annual sale bonanza kick monday what happen 2020 analyst estim amazon prime day notch sale billion 105 billion sale rush economi reopen could encourag even bigger spend time around consum arm excess save adob analyt think spend could reach 11 billion amazon amzn share risen six past nine trade session 13 alltim peak reach septemb 2020
1,problem come amazon tri boost role independ merchant play event last year includ million global discount thirdparti seller make close 60 amazon 236 billion annual retail sale amazon share also broader pressur investor weigh signal feder reserv could rais interest rate sooner expect rockbottom rate boon fastgrow compani like amazon theyv help keep yield govern bond extrem low boost interest riskier invest like stock offer better return
1,concern rate rise come year investor may start consid park money elsewher alreadi make choic amazon stock yeartod far mute 76 gain notch 2020 appl stock actual 17 2021 gain 81 last year big tech name fare better googl parent alphabet googl 37 far year beat last year 31 rise clear amazon battl mood shift even 2021 prime day success
1,month fail break amazon stock close record high thank prime day annual sale bonanza kick monday what happen 2020 analyst estim amazon prime day notch sale billion 105 billion sale rush economi reopen could encourag even bigger spend time around consum arm excess save adob analyt think spend could reach 11 billion amazon amzn share risen six past nine trade session 13 alltim peak reach septemb 2020
1,problem come amazon tri boost role independ merchant play event last year includ million global discount thirdparti seller make close 60 amazon 236 billion annual retail sale amazon share also broader pressur investor weigh signal feder reserv could rais interest rate sooner expect rockbottom rate boon fastgrow compani like amazon theyv help keep yield govern bond extrem low boost interest riskier invest like stock offer better return
1,concern rate rise come year investor may start consid park money elsewher alreadi make choic amazon stock yeartod far mute 76 gain notch 2020 appl stock actual 17 2021 gain 81 last year big tech name fare better googl parent alphabet googl 37 far year beat last year 31 rise clear amazon battl mood shift even 2021 prime day success
1,month fail break amazon stock close record high thank prime day annual sale bonanza kick monday what happen 2020 analyst estim amazon prime day notch sale billion 105 billion sale rush economi reopen could encourag even bigger spend time around consum arm excess save adob analyt think spend could reach 11 billion amazon amzn share risen six past nine trade session 13 alltim peak reach septemb 2020
1,problem come amazon tri boost role independ merchant play event last year includ million global discount thirdparti seller make close 60 amazon 236 billion annual retail sale amazon share also broader pressur investor weigh signal feder reserv could rais interest rate sooner expect rockbottom rate boon fastgrow compani like amazon theyv help keep yield govern bond extrem low boost interest riskier invest like stock offer better return
1,concern rate rise come year investor may start consid park money elsewher alreadi make choic amazon stock yeartod far mute 76 gain notch 2020 appl stock actual 17 2021 gain 81 last year big tech name fare better googl parent alphabet googl 37 far year beat last year 31 rise clear amazon battl mood shift even 2021 prime day success
1,month fail break amazon stock close record high thank prime day annual sale bonanza kick monday what happen 2020 analyst estim amazon prime day notch sale billion 105 billion sale rush economi reopen could encourag even bigger spend time around consum arm excess save adob analyt think spend could reach 11 billion amazon amzn share risen six past nine trade session 13 alltim peak reach septemb 2020
1,problem come amazon tri boost role independ merchant play event last year includ million global discount thirdparti seller make close 60 amazon 236 billion annual retail sale amazon share also broader pressur investor weigh signal feder reserv could rais interest rate sooner expect rockbottom rate boon fastgrow compani like amazon theyv help keep yield govern bond extrem low boost interest riskier invest like stock offer better return
1,concern rate rise come year investor may start consid park money elsewher alreadi make choic amazon stock yeartod far mute 76 gain notch 2020 appl stock actual 17 2021 gain 81 last year big tech name fare better googl parent alphabet googl 37 far year beat last year 31 rise clear amazon battl mood shift even 2021 prime day success
1,month fail break amazon stock close record high thank prime day annual sale bonanza kick monday what happen 2020 analyst estim amazon prime day notch sale billion 105 billion sale rush economi reopen could encourag even bigger spend time around consum arm excess save adob analyt think spend could reach 11 billion amazon amzn share risen six past nine trade session 13 alltim peak reach septemb 2020
1,problem come amazon tri boost role independ merchant play event last year includ million global discount thirdparti seller make close 60 amazon 236 billion annual retail sale amazon share also broader pressur investor weigh signal feder reserv could rais interest rate sooner expect rockbottom rate boon fastgrow compani like amazon theyv help keep yield govern bond extrem low boost interest riskier invest like stock offer better return
1,concern rate rise come year investor may start consid park money elsewher alreadi make choic amazon stock yeartod far mute 76 gain notch 2020 appl stock actual 17 2021 gain 81 last year big tech name fare better googl parent alphabet googl 37 far year beat last year 31 rise clear amazon battl mood shift even 2021 prime day success
1,month fail break amazon stock close record high thank prime day annual sale bonanza kick monday what happen 2020 analyst estim amazon prime day notch sale billion 105 billion sale rush economi reopen could encourag even bigger spend time around consum arm excess save adob analyt think spend could reach 11 billion amazon amzn share risen six past nine trade session 13 alltim peak reach septemb 2020
1,problem come amazon tri boost role independ merchant play event last year includ million global discount thirdparti seller make close 60 amazon 236 billion annual retail sale amazon share also broader pressur investor weigh signal feder reserv could rais interest rate sooner expect rockbottom rate boon fastgrow compani like amazon theyv help keep yield govern bond extrem low boost interest riskier invest like stock offer better return
1,concern rate rise come year investor may start consid park money elsewher alreadi make choic amazon stock yeartod far mute 76 gain notch 2020 appl stock actual 17 2021 gain 81 last year big tech name fare better googl parent alphabet googl 37 far year beat last year 31 rise clear amazon battl mood shift even 2021 prime day success
1,month fail break amazon stock close record high thank prime day annual sale bonanza kick monday what happen 2020 analyst estim amazon prime day notch sale billion 105 billion sale rush economi reopen could encourag even bigger spend time around consum arm excess save adob analyt think spend could reach 11 billion amazon amzn share risen six past nine trade session 13 alltim peak reach septemb 2020
1,problem come amazon tri boost role independ merchant play event last year includ million global discount thirdparti seller make close 60 amazon 236 billion annual retail sale amazon share also broader pressur investor weigh signal feder reserv could rais interest rate sooner expect rockbottom rate boon fastgrow compani like amazon theyv help keep yield govern bond extrem low boost interest riskier invest like stock offer better return
1,concern rate rise come year investor may start consid park money elsewher alreadi make choic amazon stock yeartod far mute 76 gain notch 2020 appl stock actual 17 2021 gain 81 last year big tech name fare better googl parent alphabet googl 37 far year beat last year 31 rise clear amazon battl mood shift even 2021 prime day success
1,month fail break amazon stock close record high thank prime day annual sale bonanza kick monday what happen 2020 analyst estim amazon prime day notch sale billion 105 billion sale rush economi reopen could encourag even bigger spend time around consum arm excess save adob analyt think spend could reach 11 billion amazon amzn share risen six past nine trade session 13 alltim peak reach septemb 2020
1,problem come amazon tri boost role independ merchant play event last year includ million global discount thirdparti seller make close 60 amazon 236 billion annual retail sale amazon share also broader pressur investor weigh signal feder reserv could rais interest rate sooner expect rockbottom rate boon fastgrow compani like amazon theyv help keep yield govern bond extrem low boost interest riskier invest like stock offer better return
1,concern rate rise come year investor may start consid park money elsewher alreadi make choic amazon stock yeartod far mute 76 gain notch 2020 appl stock actual 17 2021 gain 81 last year big tech name fare better googl parent alphabet googl 37 far year beat last year 31 rise clear amazon battl mood shift even 2021 prime day success
1,month fail break amazon stock close record high thank prime day annual sale bonanza kick monday what happen 2020 analyst estim amazon prime day notch sale billion 105 billion sale rush economi reopen could encourag even bigger spend time around consum arm excess save adob analyt think spend could reach 11 billion amazon amzn share risen six past nine trade session 13 alltim peak reach septemb 2020
1,problem come amazon tri boost role independ merchant play event last year includ million global discount thirdparti seller make close 60 amazon 236 billion annual retail sale amazon share also broader pressur investor weigh signal feder reserv could rais interest rate sooner expect rockbottom rate boon fastgrow compani like amazon theyv help keep yield govern bond extrem low boost interest riskier invest like stock offer better return
1,concern rate rise come year investor may start consid park money elsewher alreadi make choic amazon stock yeartod far mute 76 gain notch 2020 appl stock actual 17 2021 gain 81 last year big tech name fare better googl parent alphabet googl 37 far year beat last year 31 rise clear amazon battl mood shift even 2021 prime day success
1,month fail break amazon stock close record high thank prime day annual sale bonanza kick monday what happen 2020 analyst estim amazon prime day notch sale billion 105 billion sale rush economi reopen could encourag even bigger spend time around consum arm excess save adob analyt think spend could reach 11 billion amazon amzn share risen six past nine trade session 13 alltim peak reach septemb 2020
1,problem come amazon tri boost role independ merchant play event last year includ million global discount thirdparti seller make close 60 amazon 236 billion annual retail sale amazon share also broader pressur investor weigh signal feder reserv could rais interest rate sooner expect rockbottom rate boon fastgrow compani like amazon theyv help keep yield govern bond extrem low boost interest riskier invest like stock offer better return
1,concern rate rise come year investor may start consid park money elsewher alreadi make choic amazon stock yeartod far mute 76 gain notch 2020 appl stock actual 17 2021 gain 81 last year big tech name fare better googl parent alphabet googl 37 far year beat last year 31 rise clear amazon battl mood shift even 2021 prime day success
1,month fail break amazon stock close record high thank prime day annual sale bonanza kick monday what happen 2020 analyst estim amazon prime day notch sale billion 105 billion sale rush economi reopen could encourag even bigger spend time around consum arm excess save adob analyt think spend could reach 11 billion amazon amzn share risen six past nine trade session 13 alltim peak reach septemb 2020
1,problem come amazon tri boost role independ merchant play event last year includ million global discount thirdparti seller make close 60 amazon 236 billion annual retail sale amazon share also broader pressur investor weigh signal feder reserv could rais interest rate sooner expect rockbottom rate boon fastgrow compani like amazon theyv help keep yield govern bond extrem low boost interest riskier invest like stock offer better return
1,concern rate rise come year investor may start consid park money elsewher alreadi make choic amazon stock yeartod far mute 76 gain notch 2020 appl stock actual 17 2021 gain 81 last year big tech name fare better googl parent alphabet googl 37 far year beat last year 31 rise clear amazon battl mood shift even 2021 prime day success
1,month fail break amazon stock close record high thank prime day annual sale bonanza kick monday what happen 2020 analyst estim amazon prime day notch sale billion 105 billion sale rush economi reopen could encourag even bigger spend time around consum arm excess save adob analyt think spend could reach 11 billion amazon amzn share risen six past nine trade session 13 alltim peak reach septemb 2020
1,problem come amazon tri boost role independ merchant play event last year includ million global discount thirdparti seller make close 60 amazon 236 billion annual retail sale amazon share also broader pressur investor weigh signal feder reserv could rais interest rate sooner expect rockbottom rate boon fastgrow compani like amazon theyv help keep yield govern bond extrem low boost interest riskier invest like stock offer better return
1,concern rate rise come year investor may start consid park money elsewher alreadi make choic amazon stock yeartod far mute 76 gain notch 2020 appl stock actual 17 2021 gain 81 last year big tech name fare better googl parent alphabet googl 37 far year beat last year 31 rise clear amazon battl mood shift even 2021 prime day success
1,month fail break amazon stock close record high thank prime day annual sale bonanza kick monday what happen 2020 analyst estim amazon prime day notch sale billion 105 billion sale rush economi reopen could encourag even bigger spend time around consum arm excess save adob analyt think spend could reach 11 billion amazon amzn share risen six past nine trade session 13 alltim peak reach septemb 2020
1,problem come amazon tri boost role independ merchant play event last year includ million global discount thirdparti seller make close 60 amazon 236 billion annual retail sale amazon share also broader pressur investor weigh signal feder reserv could rais interest rate sooner expect rockbottom rate boon fastgrow compani like amazon theyv help keep yield govern bond extrem low boost interest riskier invest like stock offer better return
1,concern rate rise come year investor may start consid park money elsewher alreadi make choic amazon stock yeartod far mute 76 gain notch 2020 appl stock actual 17 2021 gain 81 last year big tech name fare better googl parent alphabet googl 37 far year beat last year 31 rise clear amazon battl mood shift even 2021 prime day success
1,month fail break amazon stock close record high thank prime day annual sale bonanza kick monday what happen 2020 analyst estim amazon prime day notch sale billion 105 billion sale rush economi reopen could encourag even bigger spend time around consum arm excess save adob analyt think spend could reach 11 billion amazon amzn share risen six past nine trade session 13 alltim peak reach septemb 2020
1,problem come amazon tri boost role independ merchant play event last year includ million global discount thirdparti seller make close 60 amazon 236 billion annual retail sale amazon share also broader pressur investor weigh signal feder reserv could rais interest rate sooner expect rockbottom rate boon fastgrow compani like amazon theyv help keep yield govern bond extrem low boost interest riskier invest like stock offer better return
1,concern rate rise come year investor may start consid park money elsewher alreadi make choic amazon stock yeartod far mute 76 gain notch 2020 appl stock actual 17 2021 gain 81 last year big tech name fare better googl parent alphabet googl 37 far year beat last year 31 rise clear amazon battl mood shift even 2021 prime day success
1,month fail break amazon stock close record high thank prime day annual sale bonanza kick monday what happen 2020 analyst estim amazon prime day notch sale billion 105 billion sale rush economi reopen could encourag even bigger spend time around consum arm excess save adob analyt think spend could reach 11 billion amazon amzn share risen six past nine trade session 13 alltim peak reach septemb 2020
0,first there impact global suppli chain disrupt pandem independ seller interview cnn busi said cant offer typic promot theyr worri might abl meet custom demand also cant afford hit profit cost move good around world risesi dont enough profit margin said ivan ong cofound keababi sell babi care matern product keababi pay doubl price ship contain import product china compar year ago
0,us travel industri experienc huge reviv american rush take vacat theyv sit past year half latest royal caribbean freedom sea cruis set sail miami sunday even first us trial covid safeti protocol aim get sector back feet 600 employe volunt vaccin board well repres us center diseas control prevent return normal isnt without complic american airlin cancel hundr flight middl next month compani strive maintain servic amid boom demand
0,first week june brought unpreced weather largest hub heavili impact oper caus delay cancel flight disrupt crew member schedul custom plan spokesperson shannon gilson said combin labor shortag vendor contend incred quick ramp custom demand led us build addit resili certainti oper adjust fraction schedul fli midjuli saturday american airlin aal 120 cancel compani project 50 80 flight cancel per day go forward accord gibson investor insight share american airlin soar 41 year investor dont seem spook premarket trade monday strain oper sign hard airlin get busi run smoothli
0,first there impact global suppli chain disrupt pandem independ seller interview cnn busi said cant offer typic promot theyr worri might abl meet custom demand also cant afford hit profit cost move good around world risesi dont enough profit margin said ivan ong cofound keababi sell babi care matern product keababi pay doubl price ship contain import product china compar year ago
0,us travel industri experienc huge reviv american rush take vacat theyv sit past year half latest royal caribbean freedom sea cruis set sail miami sunday even first us trial covid safeti protocol aim get sector back feet 600 employe volunt vaccin board well repres us center diseas control prevent return normal isnt without complic american airlin cancel hundr flight middl next month compani strive maintain servic amid boom demand
0,first week june brought unpreced weather largest hub heavili impact oper caus delay cancel flight disrupt crew member schedul custom plan spokesperson shannon gilson said combin labor shortag vendor contend incred quick ramp custom demand led us build addit resili certainti oper adjust fraction schedul fli midjuli saturday american airlin aal 120 cancel compani project 50 80 flight cancel per day go forward accord gibson investor insight share american airlin soar 41 year investor dont seem spook premarket trade monday strain oper sign hard airlin get busi run smoothli
0,first there impact global suppli chain disrupt pandem independ seller interview cnn busi said cant offer typic promot theyr worri might abl meet custom demand also cant afford hit profit cost move good around world risesi dont enough profit margin said ivan ong cofound keababi sell babi care matern product keababi pay doubl price ship contain import product china compar year ago
0,us travel industri experienc huge reviv american rush take vacat theyv sit past year half latest royal caribbean freedom sea cruis set sail miami sunday even first us trial covid safeti protocol aim get sector back feet 600 employe volunt vaccin board well repres us center diseas control prevent return normal isnt without complic american airlin cancel hundr flight middl next month compani strive maintain servic amid boom demand
0,first week june brought unpreced weather largest hub heavili impact oper caus delay cancel flight disrupt crew member schedul custom plan spokesperson shannon gilson said combin labor shortag vendor contend incred quick ramp custom demand led us build addit resili certainti oper adjust fraction schedul fli midjuli saturday american airlin aal 120 cancel compani project 50 80 flight cancel per day go forward accord gibson investor insight share american airlin soar 41 year investor dont seem spook premarket trade monday strain oper sign hard airlin get busi run smoothli
0,first there impact global suppli chain disrupt pandem independ seller interview cnn busi said cant offer typic promot theyr worri might abl meet custom demand also cant afford hit profit cost move good around world risesi dont enough profit margin said ivan ong cofound keababi sell babi care matern product keababi pay doubl price ship contain import product china compar year ago
0,us travel industri experienc huge reviv american rush take vacat theyv sit past year half latest royal caribbean freedom sea cruis set sail miami sunday even first us trial covid safeti protocol aim get sector back feet 600 employe volunt vaccin board well repres us center diseas control prevent return normal isnt without complic american airlin cancel hundr flight middl next month compani strive maintain servic amid boom demand
0,first week june brought unpreced weather largest hub heavili impact oper caus delay cancel flight disrupt crew member schedul custom plan spokesperson shannon gilson said combin labor shortag vendor contend incred quick ramp custom demand led us build addit resili certainti oper adjust fraction schedul fli midjuli saturday american airlin aal 120 cancel compani project 50 80 flight cancel per day go forward accord gibson investor insight share american airlin soar 41 year investor dont seem spook premarket trade monday strain oper sign hard airlin get busi run smoothli
0,first there impact global suppli chain disrupt pandem independ seller interview cnn busi said cant offer typic promot theyr worri might abl meet custom demand also cant afford hit profit cost move good around world risesi dont enough profit margin said ivan ong cofound keababi sell babi care matern product keababi pay doubl price ship contain import product china compar year ago
0,us travel industri experienc huge reviv american rush take vacat theyv sit past year half latest royal caribbean freedom sea cruis set sail miami sunday even first us trial covid safeti protocol aim get sector back feet 600 employe volunt vaccin board well repres us center diseas control prevent return normal isnt without complic american airlin cancel hundr flight middl next month compani strive maintain servic amid boom demand
0,first week june brought unpreced weather largest hub heavili impact oper caus delay cancel flight disrupt crew member schedul custom plan spokesperson shannon gilson said combin labor shortag vendor contend incred quick ramp custom demand led us build addit resili certainti oper adjust fraction schedul fli midjuli saturday american airlin aal 120 cancel compani project 50 80 flight cancel per day go forward accord gibson investor insight share american airlin soar 41 year investor dont seem spook premarket trade monday strain oper sign hard airlin get busi run smoothli
0,first there impact global suppli chain disrupt pandem independ seller interview cnn busi said cant offer typic promot theyr worri might abl meet custom demand also cant afford hit profit cost move good around world risesi dont enough profit margin said ivan ong cofound keababi sell babi care matern product keababi pay doubl price ship contain import product china compar year ago
0,us travel industri experienc huge reviv american rush take vacat theyv sit past year half latest royal caribbean freedom sea cruis set sail miami sunday even first us trial covid safeti protocol aim get sector back feet 600 employe volunt vaccin board well repres us center diseas control prevent return normal isnt without complic american airlin cancel hundr flight middl next month compani strive maintain servic amid boom demand
0,first week june brought unpreced weather largest hub heavili impact oper caus delay cancel flight disrupt crew member schedul custom plan spokesperson shannon gilson said combin labor shortag vendor contend incred quick ramp custom demand led us build addit resili certainti oper adjust fraction schedul fli midjuli saturday american airlin aal 120 cancel compani project 50 80 flight cancel per day go forward accord gibson investor insight share american airlin soar 41 year investor dont seem spook premarket trade monday strain oper sign hard airlin get busi run smoothli
0,first there impact global suppli chain disrupt pandem independ seller interview cnn busi said cant offer typic promot theyr worri might abl meet custom demand also cant afford hit profit cost move good around world risesi dont enough profit margin said ivan ong cofound keababi sell babi care matern product keababi pay doubl price ship contain import product china compar year ago
0,us travel industri experienc huge reviv american rush take vacat theyv sit past year half latest royal caribbean freedom sea cruis set sail miami sunday even first us trial covid safeti protocol aim get sector back feet 600 employe volunt vaccin board well repres us center diseas control prevent return normal isnt without complic american airlin cancel hundr flight middl next month compani strive maintain servic amid boom demand
0,first week june brought unpreced weather largest hub heavili impact oper caus delay cancel flight disrupt crew member schedul custom plan spokesperson shannon gilson said combin labor shortag vendor contend incred quick ramp custom demand led us build addit resili certainti oper adjust fraction schedul fli midjuli saturday american airlin aal 120 cancel compani project 50 80 flight cancel per day go forward accord gibson investor insight share american airlin soar 41 year investor dont seem spook premarket trade monday strain oper sign hard airlin get busi run smoothli
0,first there impact global suppli chain disrupt pandem independ seller interview cnn busi said cant offer typic promot theyr worri might abl meet custom demand also cant afford hit profit cost move good around world risesi dont enough profit margin said ivan ong cofound keababi sell babi care matern product keababi pay doubl price ship contain import product china compar year ago
0,us travel industri experienc huge reviv american rush take vacat theyv sit past year half latest royal caribbean freedom sea cruis set sail miami sunday even first us trial covid safeti protocol aim get sector back feet 600 employe volunt vaccin board well repres us center diseas control prevent return normal isnt without complic american airlin cancel hundr flight middl next month compani strive maintain servic amid boom demand
0,first week june brought unpreced weather largest hub heavili impact oper caus delay cancel flight disrupt crew member schedul custom plan spokesperson shannon gilson said combin labor shortag vendor contend incred quick ramp custom demand led us build addit resili certainti oper adjust fraction schedul fli midjuli saturday american airlin aal 120 cancel compani project 50 80 flight cancel per day go forward accord gibson investor insight share american airlin soar 41 year investor dont seem spook premarket trade monday strain oper sign hard airlin get busi run smoothli
0,first there impact global suppli chain disrupt pandem independ seller interview cnn busi said cant offer typic promot theyr worri might abl meet custom demand also cant afford hit profit cost move good around world risesi dont enough profit margin said ivan ong cofound keababi sell babi care matern product keababi pay doubl price ship contain import product china compar year ago
0,us travel industri experienc huge reviv american rush take vacat theyv sit past year half latest royal caribbean freedom sea cruis set sail miami sunday even first us trial covid safeti protocol aim get sector back feet 600 employe volunt vaccin board well repres us center diseas control prevent return normal isnt without complic american airlin cancel hundr flight middl next month compani strive maintain servic amid boom demand
0,first week june brought unpreced weather largest hub heavili impact oper caus delay cancel flight disrupt crew member schedul custom plan spokesperson shannon gilson said combin labor shortag vendor contend incred quick ramp custom demand led us build addit resili certainti oper adjust fraction schedul fli midjuli saturday american airlin aal 120 cancel compani project 50 80 flight cancel per day go forward accord gibson investor insight share american airlin soar 41 year investor dont seem spook premarket trade monday strain oper sign hard airlin get busi run smoothli
0,us travel industri experienc huge reviv american rush take vacat theyv sit past year half latest royal caribbean freedom sea cruis set sail miami sunday even first us trial covid safeti protocol aim get sector back feet 600 employe volunt vaccin board well repres us center diseas control prevent return normal isnt without complic american airlin cancel hundr flight middl next month compani strive maintain servic amid boom demand
0,first week june brought unpreced weather largest hub heavili impact oper caus delay cancel flight disrupt crew member schedul custom plan spokesperson shannon gilson said combin labor shortag vendor contend incred quick ramp custom demand led us build addit resili certainti oper adjust fraction schedul fli midjuli saturday american airlin aal 120 cancel compani project 50 80 flight cancel per day go forward accord gibson investor insight share american airlin soar 41 year investor dont seem spook premarket trade monday strain oper sign hard airlin get busi run smoothli
0,first there impact global suppli chain disrupt pandem independ seller interview cnn busi said cant offer typic promot theyr worri might abl meet custom demand also cant afford hit profit cost move good around world risesi dont enough profit margin said ivan ong cofound keababi sell babi care matern product keababi pay doubl price ship contain import product china compar year ago
0,us travel industri experienc huge reviv american rush take vacat theyv sit past year half latest royal caribbean freedom sea cruis set sail miami sunday even first us trial covid safeti protocol aim get sector back feet 600 employe volunt vaccin board well repres us center diseas control prevent return normal isnt without complic american airlin cancel hundr flight middl next month compani strive maintain servic amid boom demand
0,first week june brought unpreced weather largest hub heavili impact oper caus delay cancel flight disrupt crew member schedul custom plan spokesperson shannon gilson said combin labor shortag vendor contend incred quick ramp custom demand led us build addit resili certainti oper adjust fraction schedul fli midjuli saturday american airlin aal 120 cancel compani project 50 80 flight cancel per day go forward accord gibson investor insight share american airlin soar 41 year investor dont seem spook premarket trade monday strain oper sign hard airlin get busi run smoothli
0,first there impact global suppli chain disrupt pandem independ seller interview cnn busi said cant offer typic promot theyr worri might abl meet custom demand also cant afford hit profit cost move good around world risesi dont enough profit margin said ivan ong cofound keababi sell babi care matern product keababi pay doubl price ship contain import product china compar year ago
0,us travel industri experienc huge reviv american rush take vacat theyv sit past year half latest royal caribbean freedom sea cruis set sail miami sunday even first us trial covid safeti protocol aim get sector back feet 600 employe volunt vaccin board well repres us center diseas control prevent return normal isnt without complic american airlin cancel hundr flight middl next month compani strive maintain servic amid boom demand
0,first week june brought unpreced weather largest hub heavili impact oper caus delay cancel flight disrupt crew member schedul custom plan spokesperson shannon gilson said combin labor shortag vendor contend incred quick ramp custom demand led us build addit resili certainti oper adjust fraction schedul fli midjuli saturday american airlin aal 120 cancel compani project 50 80 flight cancel per day go forward accord gibson investor insight share american airlin soar 41 year investor dont seem spook premarket trade monday strain oper sign hard airlin get busi run smoothli
0,first there impact global suppli chain disrupt pandem independ seller interview cnn busi said cant offer typic promot theyr worri might abl meet custom demand also cant afford hit profit cost move good around world risesi dont enough profit margin said ivan ong cofound keababi sell babi care matern product keababi pay doubl price ship contain import product china compar year ago
0,us travel industri experienc huge reviv american rush take vacat theyv sit past year half latest royal caribbean freedom sea cruis set sail miami sunday even first us trial covid safeti protocol aim get sector back feet 600 employe volunt vaccin board well repres us center diseas control prevent return normal isnt without complic american airlin cancel hundr flight middl next month compani strive maintain servic amid boom demand
0,first week june brought unpreced weather largest hub heavili impact oper caus delay cancel flight disrupt crew member schedul custom plan spokesperson shannon gilson said combin labor shortag vendor contend incred quick ramp custom demand led us build addit resili certainti oper adjust fraction schedul fli midjuli saturday american airlin aal 120 cancel compani project 50 80 flight cancel per day go forward accord gibson investor insight share american airlin soar 41 year investor dont seem spook premarket trade monday strain oper sign hard airlin get busi run smoothli
0,first there impact global suppli chain disrupt pandem independ seller interview cnn busi said cant offer typic promot theyr worri might abl meet custom demand also cant afford hit profit cost move good around world risesi dont enough profit margin said ivan ong cofound keababi sell babi care matern product keababi pay doubl price ship contain import product china compar year ago
0,us travel industri experienc huge reviv american rush take vacat theyv sit past year half latest royal caribbean freedom sea cruis set sail miami sunday even first us trial covid safeti protocol aim get sector back feet 600 employe volunt vaccin board well repres us center diseas control prevent return normal isnt without complic american airlin cancel hundr flight middl next month compani strive maintain servic amid boom demand
0,first week june brought unpreced weather largest hub heavili impact oper caus delay cancel flight disrupt crew member schedul custom plan spokesperson shannon gilson said combin labor shortag vendor contend incred quick ramp custom demand led us build addit resili certainti oper adjust fraction schedul fli midjuli saturday american airlin aal 120 cancel compani project 50 80 flight cancel per day go forward accord gibson investor insight share american airlin soar 41 year investor dont seem spook premarket trade monday strain oper sign hard airlin get busi run smoothli
0,first there impact global suppli chain disrupt pandem independ seller interview cnn busi said cant offer typic promot theyr worri might abl meet custom demand also cant afford hit profit cost move good around world risesi dont enough profit margin said ivan ong cofound keababi sell babi care matern product keababi pay doubl price ship contain import product china compar year ago
0,us travel industri experienc huge reviv american rush take vacat theyv sit past year half latest royal caribbean freedom sea cruis set sail miami sunday even first us trial covid safeti protocol aim get sector back feet 600 employe volunt vaccin board well repres us center diseas control prevent return normal isnt without complic american airlin cancel hundr flight middl next month compani strive maintain servic amid boom demand
0,first week june brought unpreced weather largest hub heavili impact oper caus delay cancel flight disrupt crew member schedul custom plan spokesperson shannon gilson said combin labor shortag vendor contend incred quick ramp custom demand led us build addit resili certainti oper adjust fraction schedul fli midjuli saturday american airlin aal 120 cancel compani project 50 80 flight cancel per day go forward accord gibson investor insight share american airlin soar 41 year investor dont seem spook premarket trade monday strain oper sign hard airlin get busi run smoothli
0,first there impact global suppli chain disrupt pandem independ seller interview cnn busi said cant offer typic promot theyr worri might abl meet custom demand also cant afford hit profit cost move good around world risesi dont enough profit margin said ivan ong cofound keababi sell babi care matern product keababi pay doubl price ship contain import product china compar year ago
0,us travel industri experienc huge reviv american rush take vacat theyv sit past year half latest royal caribbean freedom sea cruis set sail miami sunday even first us trial covid safeti protocol aim get sector back feet 600 employe volunt vaccin board well repres us center diseas control prevent return normal isnt without complic american airlin cancel hundr flight middl next month compani strive maintain servic amid boom demand
0,first week june brought unpreced weather largest hub heavili impact oper caus delay cancel flight disrupt crew member schedul custom plan spokesperson shannon gilson said combin labor shortag vendor contend incred quick ramp custom demand led us build addit resili certainti oper adjust fraction schedul fli midjuli saturday american airlin aal 120 cancel compani project 50 80 flight cancel per day go forward accord gibson investor insight share american airlin soar 41 year investor dont seem spook premarket trade monday strain oper sign hard airlin get busi run smoothli
0,first there impact global suppli chain disrupt pandem independ seller interview cnn busi said cant offer typic promot theyr worri might abl meet custom demand also cant afford hit profit cost move good around world risesi dont enough profit margin said ivan ong cofound keababi sell babi care matern product keababi pay doubl price ship contain import product china compar year ago
0,us travel industri experienc huge reviv american rush take vacat theyv sit past year half latest royal caribbean freedom sea cruis set sail miami sunday even first us trial covid safeti protocol aim get sector back feet 600 employe volunt vaccin board well repres us center diseas control prevent return normal isnt without complic american airlin cancel hundr flight middl next month compani strive maintain servic amid boom demand
0,first week june brought unpreced weather largest hub heavili impact oper caus delay cancel flight disrupt crew member schedul custom plan spokesperson shannon gilson said combin labor shortag vendor contend incred quick ramp custom demand led us build addit resili certainti oper adjust fraction schedul fli midjuli saturday american airlin aal 120 cancel compani project 50 80 flight cancel per day go forward accord gibson investor insight share american airlin soar 41 year investor dont seem spook premarket trade monday strain oper sign hard airlin get busi run smoothli
0,first there impact global suppli chain disrupt pandem independ seller interview cnn busi said cant offer typic promot theyr worri might abl meet custom demand also cant afford hit profit cost move good around world risesi dont enough profit margin said ivan ong cofound keababi sell babi care matern product keababi pay doubl price ship contain import product china compar year ago
